{
	"info": {
		"_postman_id": "0134b7d0-f693-4a86-b9be-6db114f76a20",
		"name": "Context State in Orion",
		"schema": "https://schema.getpostman.com/json/collection/v2.1.0/collection.json"
	},
	"item": [
		{
			"name": "store context state in Orion",
			"event": [
				{
					"listen": "test",
					"script": {
						"id": "5e668036-79bd-49c4-9eae-d16c8ae48768",
						"exec": [
							"pm.test(\"Status code is 200\", function () {",
							"    pm.response.to.have.status(200);",
							"});"
						],
						"type": "text/javascript"
					}
				}
			],
			"request": {
				"method": "POST",
				"header": [
					{
						"key": "content-type",
						"value": "application/json"
					},
					{
						"key": "fiware-service",
						"value": "fiwareldb"
					},
					{
						"key": "fiware-servicepath",
						"value": "/registration_raw"
					}
				],
				"body": {
					"mode": "raw",
					"raw": "{\n    \"diviceName\": \"FIXED READER\",\n    \"locationType\":\"O\",\n    \"locationTypeId\":\"10\",\n    \"locationName\":\"Noida\",\n    \"locationId\":\"0003\",\n    \"deviceType\":\"FR\",\n    \"deviceMacId\":\"84:24:8D:EE:2F:D2\"\n}"
				},
				"url": {
					"raw": "http://192.168.100.117:31444/iot/json?i=fixeddevice&k=4jggokgpepnvsb2uv4s40d59oa",
					"protocol": "http",
					"host": [
						"192",
						"168",
						"100",
						"117"
					],
					"port": "31444",
					"path": [
						"iot",
						"json"
					],
					"query": [
						{
							"key": "i",
							"value": "fixeddevice"
						},
						{
							"key": "k",
							"value": "4jggokgpepnvsb2uv4s40d59oa"
						}
					]
				}
			},
			"response": []
		},
		{
			"name": "Verify Context data is stored",
			"event": [
				{
					"listen": "test",
					"script": {
						"id": "a88eb2d9-e4d1-4404-be25-3dc71a2ac403",
						"exec": [
							"pm.test(\"Status code is 200\", function () {",
							"    pm.response.to.have.status(200);",
							"});"
						],
						"type": "text/javascript"
					}
				}
			],
			"request": {
				"method": "GET",
				"header": [
					{
						"key": "Fiware-service",
						"value": "fiwareldb"
					},
					{
						"key": "fiware-servicepath",
						"value": "/registration_raw"
					}
				],
				"url": {
					"raw": "http://192.168.100.117:31444/v2/entities?options=keyValues&id=FldbEntity1",
					"protocol": "http",
					"host": [
						"192",
						"168",
						"100",
						"117"
					],
					"port": "31444",
					"path": [
						"v2",
						"entities"
					],
					"query": [
						{
							"key": "options",
							"value": "keyValues"
						},
						{
							"key": "id",
							"value": "FldbEntity1"
						}
					]
				}
			},
			"response": []
		},
		{
			"name": "data not stored(device name incorrect)",
			"event": [
				{
					"listen": "test",
					"script": {
						"id": "7c6cc754-fa4b-451b-9e0d-96bec3f369b3",
						"exec": [
							"pm.test(\"Status code is 404\", function () {",
							"    pm.response.to.have.status(404);",
							"});"
						],
						"type": "text/javascript"
					}
				}
			],
			"request": {
				"method": "POST",
				"header": [
					{
						"key": "content-type",
						"value": "application/json"
					},
					{
						"key": "fiware-service",
						"value": "fiwareldb"
					},
					{
						"key": "fiware-servicepath",
						"value": "/registration_raw"
					}
				],
				"body": {
					"mode": "raw",
					"raw": "{\n    \"diviceName\": \"FIXED READER\",\n    \"locationType\":\"O\",\n    \"locationTypeId\":\"10\",\n    \"locationName\":\"Noida\",\n    \"locationId\":\"0003\",\n    \"deviceType\":\"FR\",\n    \"deviceMacId\":\"84:24:8D:EE:2F:D2\"\n}"
				},
				"url": {
					"raw": "http://192.168.100.117:31444/iot/json?i=fixeddevice3&k=4jggokgpepnvsb2uv4s40d59oa",
					"protocol": "http",
					"host": [
						"192",
						"168",
						"100",
						"117"
					],
					"port": "31444",
					"path": [
						"iot",
						"json"
					],
					"query": [
						{
							"key": "i",
							"value": "fixeddevice3"
						},
						{
							"key": "k",
							"value": "4jggokgpepnvsb2uv4s40d59oa"
						}
					]
				}
			},
			"response": []
		},
		{
			"name": "data not stored(API Key incorrect)",
			"event": [
				{
					"listen": "test",
					"script": {
						"id": "24bfe32f-b320-4888-bf94-07eb64ac6f0d",
						"exec": [
							"pm.test(\"Status code is 404\", function () {",
							"    pm.response.to.have.status(404);",
							"});"
						],
						"type": "text/javascript"
					}
				}
			],
			"request": {
				"method": "POST",
				"header": [
					{
						"key": "content-type",
						"value": "application/json"
					},
					{
						"key": "fiware-service",
						"value": "fiwareldb"
					},
					{
						"key": "fiware-servicepath",
						"value": "/registration_raw"
					}
				],
				"body": {
					"mode": "raw",
					"raw": "{\n    \"diviceName\": \"FIXED READER\",\n    \"locationType\":\"O\",\n    \"locationTypeId\":\"10\",\n    \"locationName\":\"Noida\",\n    \"locationId\":\"0003\",\n    \"deviceType\":\"FR\",\n    \"deviceMacId\":\"84:24:8D:EE:2F:D2\"\n}"
				},
				"url": {
					"raw": "http://192.168.100.117:31444/iot/json?i=fixeddevice&k=4jggokgpepnvsb2uv4s40d59",
					"protocol": "http",
					"host": [
						"192",
						"168",
						"100",
						"117"
					],
					"port": "31444",
					"path": [
						"iot",
						"json"
					],
					"query": [
						{
							"key": "i",
							"value": "fixeddevice"
						},
						{
							"key": "k",
							"value": "4jggokgpepnvsb2uv4s40d59"
						}
					]
				}
			},
			"response": []
		},
		{
			"name": "data not stored(iot agent is crashed)",
			"event": [
				{
					"listen": "test",
					"script": {
						"id": "b07cce8c-e0c5-4de2-92bc-a74de822adba",
						"exec": [
							"pm.test(\"Status code is 404\", function () {",
							"    pm.response.to.have.status(404);",
							"});"
						],
						"type": "text/javascript"
					}
				}
			],
			"request": {
				"method": "POST",
				"header": [
					{
						"key": "content-type",
						"value": "application/json"
					},
					{
						"key": "fiware-service",
						"value": "fiwareldb"
					},
					{
						"key": "fiware-servicepath",
						"value": "/registration_raw"
					}
				],
				"body": {
					"mode": "raw",
					"raw": "{\n    \"diviceName\": \"FIXED READER\",\n    \"locationType\":\"O\",\n    \"locationTypeId\":\"10\",\n    \"locationName\":\"Noida\",\n    \"locationId\":\"0003\",\n    \"deviceType\":\"FR\",\n    \"deviceMacId\":\"84:24:8D:EE:2F:D2\"\n}"
				},
				"url": {
					"raw": "http://192.168.100.117:31444/iot/json?i=fixeddevice&k=4jggokgpepnvsb2uv4s40d59oa",
					"protocol": "http",
					"host": [
						"192",
						"168",
						"100",
						"117"
					],
					"port": "31444",
					"path": [
						"iot",
						"json"
					],
					"query": [
						{
							"key": "i",
							"value": "fixeddevice"
						},
						{
							"key": "k",
							"value": "4jggokgpepnvsb2uv4s40d59oa"
						}
					]
				}
			},
			"response": []
		},
		{
			"name": "data not stored(device is not registered)",
			"event": [
				{
					"listen": "test",
					"script": {
						"id": "bfab2e61-b5cc-4080-afcd-165b500c0120",
						"exec": [
							"pm.test(\"Status code is 404\", function () {",
							"    pm.response.to.have.status(404);",
							"});"
						],
						"type": "text/javascript"
					}
				}
			],
			"request": {
				"method": "POST",
				"header": [
					{
						"key": "content-type",
						"value": "application/json"
					},
					{
						"key": "fiware-service",
						"value": "fiwareldb"
					},
					{
						"key": "fiware-servicepath",
						"value": "/registration_raw"
					}
				],
				"body": {
					"mode": "raw",
					"raw": "{\n    \"diviceName\": \"FIXED READER\",\n    \"locationType\":\"O\",\n    \"locationTypeId\":\"10\",\n    \"locationName\":\"Noida\",\n    \"locationId\":\"0003\",\n    \"deviceType\":\"FR\",\n    \"deviceMacId\":\"84:24:8D:EE:2F:D2\"\n}"
				},
				"url": {
					"raw": "http://192.168.100.117:31444/iot/json?i=fixeddevice&k=4jggokgpepnvsb2uv4s40d59oa",
					"protocol": "http",
					"host": [
						"192",
						"168",
						"100",
						"117"
					],
					"port": "31444",
					"path": [
						"iot",
						"json"
					],
					"query": [
						{
							"key": "i",
							"value": "fixeddevice"
						},
						{
							"key": "k",
							"value": "4jggokgpepnvsb2uv4s40d59oa"
						}
					]
				}
			},
			"response": []
		},
		{
			"name": "data not stored(device name is missing)",
			"event": [
				{
					"listen": "test",
					"script": {
						"id": "d4aff87c-fba7-49a3-b1be-1d350127293f",
						"exec": [
							"pm.test(\"Status code is 400\", function () {",
							"    pm.response.to.have.status(400);",
							"});"
						],
						"type": "text/javascript"
					}
				}
			],
			"request": {
				"method": "POST",
				"header": [
					{
						"key": "content-type",
						"value": "application/json"
					},
					{
						"key": "fiware-service",
						"value": "fiwareldb"
					},
					{
						"key": "fiware-servicepath",
						"value": "/registration_raw"
					}
				],
				"body": {
					"mode": "raw",
					"raw": "{\n    \"diviceName\": \"FIXED READER\",\n    \"locationType\":\"O\",\n    \"locationTypeId\":\"10\",\n    \"locationName\":\"Noida\",\n    \"locationId\":\"0003\",\n    \"deviceType\":\"FR\",\n    \"deviceMacId\":\"84:24:8D:EE:2F:D2\"\n}"
				},
				"url": {
					"raw": "http://192.168.100.117:31444/iot/json?i=fixeddevice&k=4jggokgpepnvsb2uv4s40d59oa",
					"protocol": "http",
					"host": [
						"192",
						"168",
						"100",
						"117"
					],
					"port": "31444",
					"path": [
						"iot",
						"json"
					],
					"query": [
						{
							"key": "i",
							"value": "fixeddevice"
						},
						{
							"key": "k",
							"value": "4jggokgpepnvsb2uv4s40d59oa"
						}
					]
				}
			},
			"response": []
		},
		{
			"name": "data not stored(payload attributes are misspelled or missing)",
			"event": [
				{
					"listen": "test",
					"script": {
						"id": "6cea1fba-bdc8-4706-83fc-32076bba0dbc",
						"exec": [
							"pm.test(\"Status code is 400\", function () {",
							"    pm.response.to.have.status(400);",
							"});"
						],
						"type": "text/javascript"
					}
				}
			],
			"request": {
				"method": "POST",
				"header": [
					{
						"key": "content-type",
						"value": "application/json"
					},
					{
						"key": "fiware-service",
						"value": "fiwareldb"
					},
					{
						"key": "fiware-servicepath",
						"value": "/registration_raw"
					}
				],
				"body": {
					"mode": "raw",
					"raw": "{\n    \"diviceName\": \"FIXED READER\",\n    \"locationType\":\"O\",\n    \"locationTypeId\":\"10\",\n    \"locationName\":\"Noida\",\n    \"locationId\":\"0003\",\n    \"deviceType\":\"FR\",\n    \"deviceMacId\":\"84:24:8D:EE:2F:D2\"\n}"
				},
				"url": {
					"raw": "http://192.168.100.117:31444/iot/json?i=fixeddevice&k=4jggokgpepnvsb2uv4s40d59oa",
					"protocol": "http",
					"host": [
						"192",
						"168",
						"100",
						"117"
					],
					"port": "31444",
					"path": [
						"iot",
						"json"
					],
					"query": [
						{
							"key": "i",
							"value": "fixeddevice"
						},
						{
							"key": "k",
							"value": "4jggokgpepnvsb2uv4s40d59oa"
						}
					]
				}
			},
			"response": []
		},
		{
			"name": "data not stored(syntax error in POST request)",
			"event": [
				{
					"listen": "test",
					"script": {
						"id": "25645e49-2130-4aa2-8a0d-25c4d89274d8",
						"exec": [
							"pm.test(\"Status code is 400\", function () {",
							"    pm.response.to.have.status(400);",
							"});"
						],
						"type": "text/javascript"
					}
				}
			],
			"request": {
				"method": "POST",
				"header": [
					{
						"key": "content-type",
						"value": "application/json"
					},
					{
						"key": "fiware-service",
						"value": "fiwareldb"
					},
					{
						"key": "fiware-servicepath",
						"value": "/registration_raw"
					}
				],
				"body": {
					"mode": "raw",
					"raw": "{\n    \"diviceName\": \"FIXED READER\",\n    \"locationType\":\"O\",\n    \"locationTypeId\":\"10\",\n    \"locationName\":\"Noida\",\n    \"locationId\":\"0003\",\n    \"deviceType\":\"FR\",\n    \"deviceMacId\":\"84:24:8D:EE:2F:D2\"\n}"
				},
				"url": {
					"raw": "http://192.168.100.117:31444/iot/json?i=fixeddevice&k=4jggokgpepnvsb2uv4s40d59oa",
					"protocol": "http",
					"host": [
						"192",
						"168",
						"100",
						"117"
					],
					"port": "31444",
					"path": [
						"iot",
						"json"
					],
					"query": [
						{
							"key": "i",
							"value": "fixeddevice"
						},
						{
							"key": "k",
							"value": "4jggokgpepnvsb2uv4s40d59oa"
						}
					]
				}
			},
			"response": []
		}
	],
	"protocolProfileBehavior": {}
}